{"schemaVersion":"1.0","appDefinitionTemplate":{"id":"/providers/Microsoft.PowerApps/apps/","type":"Microsoft.PowerApps/apps","tags":{"primaryDeviceWidth":"444","primaryDeviceHeight":"790","sienaVersion":"20200617T060802Z-3.20062.19.0","deviceCapabilities":"","supportsPortrait":"true","supportsLandscape":"false","primaryFormFactor":"Web","publisherVersion":"3.20062.19","minimumRequiredApiVersion":"2.2.0","hasComponent":"false","hasUnlockedComponent":"false","isUnifiedRootApp":"false"},"properties":{"appVersion":"2020-06-17T06:08:02Z","lifeCycleId":"Published","createdByClientVersion":{"major":3,"minor":20062,"build":19,"revision":0,"majorRevision":0,"minorRevision":0},"minClientVersion":{"major":3,"minor":20062,"build":19,"revision":0,"majorRevision":0,"minorRevision":0},"backgroundColor":"rgba(0, 176, 240, 1)","backgroundImageUri":"/9792989548944845837/N74e17865-ff97-4869-8236-e253f31a2a3f-logoSmallFile","displayName":"Data from Form on testsite forms","description":"","commitMessage":"","appUris":{"documentUri":{"value":"/9792989548944845837/Nf742cc13-0d61-4a48-bfa5-21d6e40634de-document.msapp","readonlyValue":"/9792989548944845837/Nf742cc13-0d61-4a48-bfa5-21d6e40634de-document.msapp"},"imageUris":[]},"createdTime":"0001-01-01T00:00:00Z","lastModifiedTime":"0001-01-01T00:00:00Z","sharedGroupsCount":0,"sharedUsersCount":0,"icons":{"smallIconUri":"/9792989548944845837/N06718247-180f-4d75-8527-0deacbfe3373-small.png","mediumIconUri":"/9792989548944845837/N420ab94e-e53a-4167-8779-a2effca49797-medium.png","largeIconUri":"/9792989548944845837/N1ab1a3cc-0ec2-41c4-a6c4-2cd6f4c015a5-large.png","wideIconUri":"/9792989548944845837/Nf7f3c7e8-fc95-4f26-aa7a-33b028b08eea-wide.png"},"connectionReferences":{"56174e35-8994-41ba-bc6c-6130ddd8830e":{"id":"48c27c63-4bee-49b1-a94f-95d30f9247ec","displayName":"SharePoint","iconUri":"https://connectoricons-prod.azureedge.net/sharepointonline/icon_1.0.1355.2023.png","dataSources":["Data from Form"],"dependencies":[],"dependents":[],"parameterHints":{},"isOnPremiseConnection":false,"bypassConsent":true,"dataSets":{"https://practiceshubh.sharepoint.com/sites/testsite":{"dataSources":{"Data from Form":{"tableName":"77f046e3-0a26-4809-b346-01334220d55d"}}}},"apiTier":"Standard","isCustomApiConnection":false}},"databaseReferences":{},"embeddedApp":{"siteId":"https://practiceshubh.sharepoint.com/sites/testsite","listId":"77f046e3-0a26-4809-b346-01334220d55d","listUrl":"https://practiceshubh.sharepoint.com/sites/testsite/Lists/Data from Form/AllItems.aspx","type":"SharepointFormApp","screenWidth":444,"screenHeight":790},"almMode":"Environment","performanceOptimizationEnabled":false,"canConsumeAppPass":true},"isAppComponentLibrary":false,"appType":"ClassicCanvasApp","appComponents":[]}}