{"name":"8e45d44f-7324-44f3-b5e1-8b75d97c6439","id":"/providers/Microsoft.Flow/flows/8e45d44f-7324-44f3-b5e1-8b75d97c6439","type":"Microsoft.Flow/flows","properties":{"apiId":"/providers/Microsoft.PowerApps/apis/shared_logicflows","displayName":"Data from Form send to mail","definition":{"metadata":{"workflowEntityId":null,"creator":{"id":"89b68d6c-eafd-49f1-b1e3-1aded5d904e9","type":"User","tenantId":"7a05c5c8-4205-48cf-b283-62ce8a56abb2"},"provisioningMethod":"FromDefinition","failureAlertSubscription":true,"clientLastModifiedTime":"2020-03-26T11:25:52.2480729Z"},"$schema":"https://schema.management.azure.com/providers/Microsoft.Logic/schemas/2016-06-01/workflowdefinition.json#","contentVersion":"1.0.0.0","parameters":{"$connections":{"defaultValue":{},"type":"Object"},"$authentication":{"defaultValue":{},"type":"SecureObject"}},"triggers":{"When_a_new_response_is_submitted":{"splitOn":"@triggerBody()?['value']","metadata":{"flowSystemMetadata":{"swaggerOperationId":"CreateFormWebhook"}},"type":"ApiConnectionWebhook","inputs":{"host":{"connection":{"name":"@parameters('$connections')['shared_microsoftforms']['connectionId']"},"api":{"runtimeUrl":"https://india-001.azure-apim.net/apim/microsoftforms"}},"body":{"eventType":"responseAdded","notificationUrl":"@{listCallbackUrl()}","source":"ms-connector"},"path":"/formapi/api/forms/@{encodeURIComponent('yMUFegVCz0iyg2LOilarsmyNton96vFJseMa3tXZBOlUOVpBNjJYQUdRNkZOWU9TWDVURDBZQ1JXVy4u')}/webhooks","authentication":"@parameters('$authentication')"}}},"actions":{"Get_response_details":{"runAfter":{},"metadata":{"flowSystemMetadata":{"swaggerOperationId":"GetFormResponseById"}},"type":"ApiConnection","inputs":{"host":{"connection":{"name":"@parameters('$connections')['shared_microsoftforms']['connectionId']"},"api":{"runtimeUrl":"https://india-001.azure-apim.net/apim/microsoftforms"}},"method":"get","path":"/formapi/api/forms('@{encodeURIComponent('yMUFegVCz0iyg2LOilarsmyNton96vFJseMa3tXZBOlUOVpBNjJYQUdRNkZOWU9TWDVURDBZQ1JXVy4u')}')/responses","queries":{"response_id":"@triggerBody()?['resourceData']?['responseId']"},"authentication":"@parameters('$authentication')"}},"Send_email_(V2)":{"runAfter":{"Get_response_details":["Succeeded"]},"metadata":{"flowSystemMetadata":{"swaggerOperationId":"SendEmailV2"}},"type":"ApiConnection","inputs":{"host":{"connection":{"name":"@parameters('$connections')['shared_gmail']['connectionId']"},"api":{"runtimeUrl":"https://india-001.azure-apim.net/apim/gmail"}},"method":"post","body":{"To":"@body('Get_response_details')?['r46e0e6bf110d49a3a460e2346a98eb77']","Subject":"Form Details","Body":"<p>Your Response:<br>\n<br>\nName : @{body('Get_response_details')?['r7825b2ebd7b2487ca4230454cea6760b']}<br>\nGender: @{body('Get_response_details')?['raa43185a53a645afb3faf98ac74d7679']}<br>\nCity : @{body('Get_response_details')?['r5b3bd3302cbd4204b7abcaa9941574a7']}<br>\nAge : @{body('Get_response_details')?['rf367ba4b851f4dbab6ac01848eb3858a']}<br>\n<br>\nThanks,<br>\nShubham</p>"},"path":"/v2/Mail","authentication":"@parameters('$authentication')"}}},"outputs":{}},"connectionReferences":{"shared_microsoftforms":{"connectionName":"shared-microsoftform-258289dd-fb71-4b58-a994-eb9415df82db","source":"Embedded","id":"/providers/Microsoft.PowerApps/apis/shared_microsoftforms","tier":"NotSpecified"},"shared_gmail":{"connectionName":"shared-gmail-64c87074-33d3-4e02-9432-9dad73ebe8fc","source":"Embedded","id":"/providers/Microsoft.PowerApps/apis/shared_gmail","tier":"NotSpecified"}},"flowFailureAlertSubscribed":false}}