{"schemaVersion":"1.0","appDefinitionTemplate":{"id":"/providers/Microsoft.PowerApps/apps/","type":"Microsoft.PowerApps/apps","tags":{"primaryDeviceWidth":"640","primaryDeviceHeight":"1136","sienaVersion":"20200427T181428Z-3.20023.8.0","deviceCapabilities":"","supportsPortrait":"true","supportsLandscape":"false","primaryFormFactor":"Phone","publisherVersion":"3.20023.8","minimumRequiredApiVersion":"2.2.0","hasComponent":"false","hasUnlockedComponent":"false"},"properties":{"appVersion":"2020-04-27T18:14:28Z","lifeCycleId":"Published","createdByClientVersion":{"major":3,"minor":20023,"build":8,"revision":0,"majorRevision":0,"minorRevision":0},"minClientVersion":{"major":3,"minor":20023,"build":8,"revision":0,"majorRevision":0,"minorRevision":0},"backgroundColor":"rgba(0, 176, 240, 1)","backgroundImageUri":"/6439867773959502299/N12bb6768-398f-4ed6-9287-2b88326a46cc-logoSmallFile","displayName":"My ChatBot","description":"","commitMessage":"","appUris":{"documentUri":{"value":"/6439867773959502299/Na10a120f-b64d-472c-8dc2-915ffe3721a7-document.msapp","readonlyValue":"/6439867773959502299/Na10a120f-b64d-472c-8dc2-915ffe3721a7-document.msapp"},"imageUris":[]},"createdTime":"0001-01-01T00:00:00Z","lastModifiedTime":"0001-01-01T00:00:00Z","sharedGroupsCount":0,"sharedUsersCount":0,"icons":{"smallIconUri":"/6439867773959502299/N660886a3-e2ef-413c-b471-2ce4899f4095-small.png","mediumIconUri":"/6439867773959502299/N2083ff13-e1f2-46a7-92a2-d24ad2579d19-medium.png","largeIconUri":"/6439867773959502299/Nc00bf54f-e26a-4502-9cd1-517133602572-large.png","wideIconUri":"/6439867773959502299/N205121c8-9479-40c5-a61f-16c17ece4823-wide.png"},"connectionReferences":{"c7e4bb87-12dc-488f-9e9e-240554c5beab":{"id":"2ad03e53-0d9e-4e54-b751-70be180f0292","displayName":"Logic flows","iconUri":"https://resourcestackdeploy.blob.core.windows.net/scripts/13276078.png","dataSources":["PowerApp->Getprediction,Getitems,Initializevariable,Applytoe..."],"dependencies":["7edbad5c-2f42-4ef5-a2ae-eae7da1caeab","6fe6a60e-bc27-4671-bfa0-ef249f5d210b"],"dependents":[],"parameterHints":{"workflowName":{"value":"26768ab1-0e77-4dae-b190-72cd5e2262ff"},"7edbad5c-2f42-4ef5-a2ae-eae7da1caeab":{"value":"shared_luis"},"6fe6a60e-bc27-4671-bfa0-ef249f5d210b":{"value":"shared_sharepointonline"}},"isOnPremiseConnection":false,"bypassConsent":false,"dataSets":{},"apiTier":"Standard","isCustomApiConnection":false},"7edbad5c-2f42-4ef5-a2ae-eae7da1caeab":{"id":"cf694baa-ffe4-4b42-b99b-f31d4469b696","displayName":"LUIS","iconUri":"https://connectoricons-prod.azureedge.net/luis/icon_1.0.1337.1974.png","dataSources":[],"dependencies":[],"dependents":["c7e4bb87-12dc-488f-9e9e-240554c5beab"],"parameterHints":{},"isOnPremiseConnection":false,"sharedConnectionId":"a1292e7d-002e-4309-81ef-fb5ec89f3b7c","bypassConsent":false,"dataSets":{},"apiTier":"Standard","isCustomApiConnection":false},"6fe6a60e-bc27-4671-bfa0-ef249f5d210b":{"id":"48c27c63-4bee-49b1-a94f-95d30f9247ec","displayName":"SharePoint","iconUri":"https://connectoricons-prod.azureedge.net/sharepointonline/icon_1.0.1329.1953.png","dataSources":[],"dependencies":[],"dependents":["c7e4bb87-12dc-488f-9e9e-240554c5beab"],"parameterHints":{},"isOnPremiseConnection":false,"bypassConsent":false,"dataSets":{},"apiTier":"Standard","isCustomApiConnection":false}},"databaseReferences":{},"almMode":"Environment","performanceOptimizationEnabled":false,"canConsumeAppPass":true},"isAppComponentLibrary":false,"appType":"ClassicCanvasApp","appComponents":[]}}