{"name":"a8f714bf-fdca-46e9-9801-41ac847dc83a","id":"/providers/Microsoft.Flow/flows/a8f714bf-fdca-46e9-9801-41ac847dc83a","type":"Microsoft.Flow/flows","properties":{"apiId":"/providers/Microsoft.PowerApps/apis/shared_logicflows","displayName":"SharepointChatBot","definition":{"metadata":{"workflowEntityId":null,"creator":{"id":"89b68d6c-eafd-49f1-b1e3-1aded5d904e9","type":"User","tenantId":"7a05c5c8-4205-48cf-b283-62ce8a56abb2"},"provisioningMethod":"FromDefinition","failureAlertSubscription":true,"clientLastModifiedTime":"2020-04-19T06:22:50.5619459Z"},"$schema":"https://schema.management.azure.com/providers/Microsoft.Logic/schemas/2016-06-01/workflowdefinition.json#","contentVersion":"1.0.0.0","parameters":{"$connections":{"defaultValue":{},"type":"Object"},"$authentication":{"defaultValue":{},"type":"SecureObject"}},"triggers":{"manual":{"type":"Request","kind":"PowerApp","inputs":{"schema":{"type":"object","properties":{"Getprediction_UtteranceText":{"type":"string","description":"String to predict","x-ms-powerflows-param-ispartial":false}},"required":["Getprediction_UtteranceText"]}}}},"actions":{"Get_prediction":{"runAfter":{},"metadata":{"flowSystemMetadata":{"swaggerOperationId":"GetPredictions"}},"type":"ApiConnection","inputs":{"host":{"connection":{"name":"@json(decodeBase64(triggerOutputs().headers['X-MS-APIM-Tokens']))['$connections']['shared_luis']['connectionId']"},"api":{"runtimeUrl":"https://india-001.azure-apim.net/apim/luis"}},"method":"get","path":"/luis/v2.0/apps/@{encodeURIComponent('598d4da5-87f6-4b5d-ad45-fab12521ff0e')}/","queries":{"q":"@triggerBody()['Getprediction_UtteranceText']","verbose":true,"versionId":"0.1","desiredIntent":"None"},"authentication":{"type":"Raw","value":"@json(decodeBase64(triggerOutputs().headers['X-MS-APIM-Tokens']))['$ConnectionKey']"}}},"Get_items":{"runAfter":{"Get_prediction":["Succeeded"]},"metadata":{"flowSystemMetadata":{"swaggerOperationId":"GetItems"}},"type":"ApiConnection","inputs":{"host":{"connection":{"name":"@json(decodeBase64(triggerOutputs().headers['X-MS-APIM-Tokens']))['$connections']['shared_sharepointonline']['connectionId']"},"api":{"runtimeUrl":"https://india-001.azure-apim.net/apim/sharepointonline"}},"method":"get","path":"/datasets/@{encodeURIComponent(encodeURIComponent('https://practiceshubh.sharepoint.com/sites/testsite'))}/tables/@{encodeURIComponent(encodeURIComponent('db6331cf-f915-4127-965f-73eccc276422'))}/items","queries":{"$filter":"Title eq '@{body('Get_prediction')?['topScoringIntent']?['intent']}'","$top":1},"authentication":{"type":"Raw","value":"@json(decodeBase64(triggerOutputs().headers['X-MS-APIM-Tokens']))['$ConnectionKey']"}}},"Initialize_variable":{"runAfter":{"Get_items":["Succeeded"]},"type":"InitializeVariable","inputs":{"variables":[{"name":"response","type":"string"}]}},"Apply_to_each":{"foreach":"@body('Get_items')?['value']","actions":{"Set_variable":{"runAfter":{},"type":"SetVariable","inputs":{"name":"response","value":"@items('Apply_to_each')?['FAQ']"}}},"runAfter":{"Initialize_variable":["Succeeded"]},"type":"Foreach"},"Respond_to_a_PowerApp_or_flow":{"runAfter":{"Apply_to_each":["Succeeded"]},"type":"Response","kind":"PowerApp","inputs":{"statusCode":200,"body":{"response":"@variables('response')"},"schema":{"type":"object","properties":{"response":{"title":"response","x-ms-dynamically-added":true,"type":"string"}}}}}}},"connectionReferences":{"shared_luis":{"connectionName":"shared-luis-8508c136-78e4-4731-9abb-f43daaa4ab7b","source":"Invoker","id":"/providers/Microsoft.PowerApps/apis/shared_luis","tier":"NotSpecified"},"shared_sharepointonline":{"connectionName":"shared-sharepointonl-936d29c2-3bb9-42eb-baf8-b6afe6f2d5da","source":"Invoker","id":"/providers/Microsoft.PowerApps/apis/shared_sharepointonline","tier":"NotSpecified"}},"flowFailureAlertSubscribed":false}}