{"name":"e10dd6a2-6699-4295-b128-051ee5838d5f","id":"/providers/Microsoft.Flow/flows/e10dd6a2-6699-4295-b128-051ee5838d5f","type":"Microsoft.Flow/flows","properties":{"apiId":"/providers/Microsoft.PowerApps/apis/shared_logicflows","displayName":"Add item to SP List","definition":{"metadata":{"workflowEntityId":null,"creator":{"id":"89b68d6c-eafd-49f1-b1e3-1aded5d904e9","type":"User","tenantId":"7a05c5c8-4205-48cf-b283-62ce8a56abb2"},"provisioningMethod":"FromDefinition","failureAlertSubscription":true,"clientLastModifiedTime":"2020-03-26T11:55:04.1845001Z"},"$schema":"https://schema.management.azure.com/providers/Microsoft.Logic/schemas/2016-06-01/workflowdefinition.json#","contentVersion":"1.0.0.0","parameters":{"$connections":{"defaultValue":{},"type":"Object"},"$authentication":{"defaultValue":{},"type":"SecureObject"}},"triggers":{"manual":{"type":"Request","kind":"Button","inputs":{"schema":{"type":"object","properties":{"text":{"title":"Product Title","type":"string","x-ms-dynamically-added":true,"description":"Please enter your input","x-ms-content-hint":"TEXT"},"text_1":{"title":"Category","type":"string","x-ms-dynamically-added":true,"description":"Please enter your input","x-ms-content-hint":"TEXT"},"number":{"title":"Unit Price","type":"number","x-ms-dynamically-added":true,"description":"Please enter a number","x-ms-content-hint":"NUMBER"}},"required":["text","text_1","number"]}}}},"actions":{"Create_item":{"runAfter":{},"metadata":{"flowSystemMetadata":{"swaggerOperationId":"PostItem"}},"type":"ApiConnection","inputs":{"host":{"connection":{"name":"@json(decodeBase64(triggerOutputs().headers['X-MS-APIM-Tokens']))['$connections']['shared_sharepointonline']['connectionId']"},"api":{"runtimeUrl":"https://india-001.azure-apim.net/apim/sharepointonline"}},"method":"post","body":{"Title":"@triggerBody()['text']","Category":"@triggerBody()['text_1']","UnitPrice":"@triggerBody()['number']"},"path":"/datasets/@{encodeURIComponent(encodeURIComponent('https://practiceshubh.sharepoint.com/sites/testsite'))}/tables/@{encodeURIComponent(encodeURIComponent('e621ea73-a283-49b1-a8bc-28cc5463c988'))}/items","authentication":{"type":"Raw","value":"@json(decodeBase64(triggerOutputs().headers['X-MS-APIM-Tokens']))['$ConnectionKey']"}}}}},"connectionReferences":{"shared_sharepointonline":{"connectionName":"shared-sharepointonl-936d29c2-3bb9-42eb-baf8-b6afe6f2d5da","source":"Invoker","id":"/providers/Microsoft.PowerApps/apis/shared_sharepointonline","tier":"NotSpecified"}},"flowFailureAlertSubscribed":false}}